Id;CitiesDistricts;ParentId
1;ADANA;0
2;ADIYAMAN;0
3;AFYONKARAHİSAR;0
4;AĞRI;0
5;AMASYA;0
6;ANKARA;0
7;ANTALYA;0
8;ARTVİN;0
9;AYDIN;0
10;BALIKESİR;0
11;BİLECİK;0
12;BİNGÖL;0
13;BİTLİS;0
14;BOLU;0
15;BURDUR;0
16;BURSA;0
17;ÇANAKKALE;0
18;ÇANKIRI;0
19;ÇORUM;0
20;DENİZLİ;0
21;DİYARBAKIR;0
22;EDİRNE;0
23;ELAZIĞ;0
24;ERZİNCAN;0
25;ERZURUM;0
26;ESKİŞEHİR;0
27;GAZİANTEP;0
28;GİRESUN;0
29;GÜMÜŞHANE;0
30;HAKKARİ;0
31;HATAY;0
32;ISPARTA;0
33;MERSİN;0
34;İSTANBUL;0
35;İZMİR;0
36;KARS;0
37;KASTAMONU;0
38;KAYSERİ;0
39;KIRKLARELİ;0
40;KIRŞEHİR;0
41;KOCAELİ;0
42;KONYA;0
43;KÜTAHYA;0
44;MALATYA;0
45;MANİSA;0
46;KAHRAMANMARAŞ;0
47;MARDİN;0
48;MUĞLA;0
49;MUŞ;0
50;NEVŞEHİR;0
51;NİĞDE;0
52;ORDU;0
53;RİZE;0
54;SAKARYA;0
55;SAMSUN;0
56;SİİRT;0
57;SİNOP;0
58;SİVAS;0
59;TEKİRDAĞ;0
60;TOKAT;0
61;TRABZON;0
62;TUNCELİ;0
63;ŞANLIURFA;0
64;UŞAK;0
65;VAN;0
66;YOZGAT;0
67;ZONGULDAK;0
68;AKSARAY;0
69;BAYBURT;0
70;KARAMAN;0
71;KIRIKKALE;0
72;BATMAN;0
73;ŞIRNAK;0
74;BARTIN;0
75;ARDAHAN;0
76;IĞDIR;0
77;YALOVA;0
78;KARABÜK;0
79;KİLİS;0
80;OSMANİYE;0
81;DÜZCE;0
1055;ALADAĞ;1;
1056;CEYHAN;1;
1057;FEKE;1;
1058;KARATAŞ;1;
1059;KARAİSALI;1;
1060;KOZAN;1;
1061;POZANTI;1;
1062;SARIÇAM;1;
1063;SAİMBEYLİ;1;
1064;SEYHAN;1;
1065;TUFANBEYLİ;1;
1066;YUMURTALIK;1;
1067;YÜREĞİR;1;
1068;ÇUKUROVA;1;
1069;İMAMOĞLU;1;
1070;BESNİ;2;
1071;GERGER;2;
1072;GÖLBAŞI;2;
1073;KAHTA;2;
1074;MERKEZ;2;
1075;SAMSAT;2;
1076;SİNCİK;2;
1077;TUT;2;
1078;ÇELİKHAN;2;
1079;BAYAT;3;
1080;BAŞMAKÇI;3;
1081;BOLVADİN;3;
1082;DAZKIRI;3;
1083;DİNAR;3;
1084;EMİRDAĞ;3;
1085;EVCİLER;3;
1086;HOCALAR;3;
1087;KIZILÖREN;3;
1088;MERKEZ;3;
1089;SANDIKLI;3;
1090;SULTANDAĞI;3;
1091;SİNANPAŞA;3;
1092;ÇAY;3;
1093;ÇOBANLAR;3;
1094;İHSANİYE;3;
1095;İSCEHİSAR;3;
1096;ŞUHUT;3;
1097;DOĞUBAYAZIT;4;
1098;DİYADİN;4;
1099;ELEŞKİRT;4;
1100;HAMUR;4;
1101;MERKEZ;4;
1102;PATNOS;4;
1103;TAŞLIÇAY;4;
1104;TUTAK;4;
1105;GÖYNÜCEK;5;
1106;GÜMÜŞHACIKÖY;5;
1107;HAMAMÖZÜ;5;
1108;MERKEZ;5;
1109;MERZİFON;5;
1110;SULUOVA;5;
1111;TAŞOVA;5;
1112;AKYURT;6;
1113;ALTINDAĞ;6;
1114;AYAŞ;6;
1115;BALA;6;
1116;BEYPAZARI;6;
1117;ELMADAĞ;6;
1118;ETİMESGUT;6;
1119;EVREN;6;
1120;GÖLBAŞI;6;
1121;GÜDÜL;6;
1122;HAYMANA;6;
1123;KAHRAMANKAZAN;6;
1124;KALECİK;6;
1125;KEÇİÖREN;6;
1126;KIZILCAHAMAM;6;
1127;MAMAK;6;
1128;NALLIHAN;6;
1129;POLATLI;6;
1130;PURSAKLAR;6;
1131;SİNCAN;6;
1132;YENİMAHALLE;6;
1133;ÇAMLIDERE;6;
1134;ÇANKAYA;6;
1135;ÇUBUK;6;
1136;ŞEREFLİKOÇHİSAR;6;
1137;AKSEKİ;7;
1138;AKSU;7;
1139;ALANYA;7;
1140;DEMRE;7;
1141;DÖŞEMEALTI;7;
1142;ELMALI;7;
1143;FİNİKE;7;
1144;GAZİPAŞA;7;
1145;GÜNDOĞMUŞ;7;
1146;KAŞ;7;
1147;KEMER;7;
1148;KEPEZ;7;
1149;KONYAALTI;7;
1150;KORKUTELİ;7;
1151;KUMLUCA;7;
1152;MANAVGAT;7;
1153;MURATPAŞA;7;
1154;SERİK;7;
1155;İBRADI;7;
1156;ARDANUÇ;8;
1157;ARHAVİ;8;
1158;BORÇKA;8;
1159;HOPA;8;
1160;KEMALPAŞA;8;
1161;MERKEZ;8;
1162;MURGUL;8;
1163;YUSUFELİ;8;
1164;ŞAVŞAT;8;
1165;BOZDOĞAN;9;
1166;BUHARKENT;9;
1167;DİDİM;9;
1168;EFELER;9;
1169;GERMENCİK;9;
1170;KARACASU;9;
1171;KARPUZLU;9;
1172;KOÇARLI;9;
1173;KUYUCAK;9;
1174;KUŞADASI;9;
1175;KÖŞK;9;
1176;NAZİLLİ;9;
1177;SULTANHİSAR;9;
1178;SÖKE;9;
1179;YENİPAZAR;9;
1180;ÇİNE;9;
1181;İNCİRLİOVA;9;
1182;ALTIEYLÜL;10;
1183;AYVALIK;10;
1184;BALYA;10;
1185;BANDIRMA;10;
1186;BURHANİYE;10;
1187;BİGADİÇ;10;
1188;DURSUNBEY;10;
1189;EDREMİT;10;
1190;ERDEK;10;
1191;GÖMEÇ;10;
1192;GÖNEN;10;
1193;HAVRAN;10;
1194;KARESİ;10;
1195;KEPSUT;10;
1196;MANYAS;10;
1197;MARMARA;10;
1198;SAVAŞTEPE;10;
1199;SINDIRGI;10;
1200;SUSURLUK;10;
1201;İVRİNDİ;10;
1202;BOZÜYÜK;11;
1203;GÖLPAZARI;11;
1204;MERKEZ;11;
1205;OSMANELİ;11;
1206;PAZARYERİ;11;
1207;SÖĞÜT;11;
1208;YENİPAZAR;11;
1209;İNHİSAR;11;
1210;ADAKLI;12;
1211;GENÇ;12;
1212;KARLIOVA;12;
1213;KİĞI;12;
1214;MERKEZ;12;
1215;SOLHAN;12;
1216;YAYLADERE;12;
1217;YEDİSU;12;
1218;ADİLCEVAZ;13;
1219;AHLAT;13;
1220;GÜROYMAK;13;
1221;HİZAN;13;
1222;MERKEZ;13;
1223;MUTKİ;13;
1224;TATVAN;13;
1225;DÖRTDİVAN;14;
1226;GEREDE;14;
1227;GÖYNÜK;14;
1228;KIBRISCIK;14;
1229;MENGEN;14;
1230;MERKEZ;14;
1231;MUDURNU;14;
1232;SEBEN;14;
1233;YENİÇAĞA;14;
1234;ALTINYAYLA;15;
1235;AĞLASUN;15;
1236;BUCAK;15;
1237;GÖLHİSAR;15;
1238;KARAMANLI;15;
1239;KEMER;15;
1240;MERKEZ;15;
1241;TEFENNİ;15;
1242;YEŞİLOVA;15;
1243;ÇAVDIR;15;
1244;ÇELTİKÇİ;15;
1245;BÜYÜKORHAN;16;
1246;GEMLİK;16;
1247;GÜRSU;16;
1248;HARMANCIK;16;
1249;KARACABEY;16;
1250;KELES;16;
1251;KESTEL;16;
1252;MUDANYA;16;
1253;MUSTAFAKEMALPAŞA;16;
1254;NİLÜFER;16;
1255;ORHANELİ;16;
1256;ORHANGAZİ;16;
1257;OSMANGAZİ;16;
1258;YENİŞEHİR;16;
1259;YILDIRIM;16;
1260;İNEGÖL;16;
1261;İZNİK;16;
1262;AYVACIK;17;
1263;BAYRAMİÇ;17;
1264;BOZCAADA;17;
1265;BİGA;17;
1266;ECEABAT;17;
1267;EZİNE;17;
1268;GELİBOLU;17;
1269;GÖKÇEADA;17;
1270;LAPSEKİ;17;
1271;MERKEZ;17;
1272;YENİCE;17;
1273;ÇAN;17;
1274;ATKARACALAR;18;
1275;BAYRAMÖREN;18;
1276;ELDİVAN;18;
1277;ILGAZ;18;
1278;KIZILIRMAK;18;
1279;KORGUN;18;
1280;KURŞUNLU;18;
1281;MERKEZ;18;
1282;ORTA;18;
1283;YAPRAKLI;18;
1284;ÇERKEŞ;18;
1285;ŞABANÖZÜ;18;
1286;ALACA;19;
1287;BAYAT;19;
1288;BOĞAZKALE;19;
1289;DODURGA;19;
1290;KARGI;19;
1291;LAÇİN;19;
1292;MECİTÖZÜ;19;
1293;MERKEZ;19;
1294;ORTAKÖY;19;
1295;OSMANCIK;19;
1296;OĞUZLAR;19;
1297;SUNGURLU;19;
1298;UĞURLUDAĞ;19;
1299;İSKİLİP;19;
1300;ACIPAYAM;20;
1301;BABADAĞ;20;
1302;BAKLAN;20;
1303;BEKİLLİ;20;
1304;BEYAĞAÇ;20;
1305;BOZKURT;20;
1306;BULDAN;20;
1307;GÜNEY;20;
1308;HONAZ;20;
1309;KALE;20;
1310;MERKEZEFENDİ;20;
1311;PAMUKKALE;20;
1312;SARAYKÖY;20;
1313;SERİNHİSAR;20;
1314;TAVAS;20;
1315;ÇAL;20;
1316;ÇAMELİ;20;
1317;ÇARDAK;20;
1318;ÇİVRİL;20;
1319;BAĞLAR;21;
1320;BİSMİL;21;
1321;DİCLE;21;
1322;ERGANİ;21;
1323;EĞİL;21;
1324;HANİ;21;
1325;HAZRO;21;
1326;KAYAPINAR;21;
1327;KOCAKÖY;21;
1328;KULP;21;
1329;LİCE;21;
1330;SUR;21;
1331;SİLVAN;21;
1332;YENİŞEHİR;21;
1333;ÇERMİK;21;
1334;ÇINAR;21;
1335;ÇÜNGÜŞ;21;
1336;ENEZ;22;
1337;HAVSA;22;
1338;KEŞAN;22;
1339;LALAPAŞA;22;
1340;MERKEZ;22;
1341;MERİÇ;22;
1342;SÜLOĞLU;22;
1343;UZUNKÖPRÜ;22;
1344;İPSALA;22;
1345;ALACAKAYA;23;
1346;ARICAK;23;
1347;AĞIN;23;
1348;BASKİL;23;
1349;KARAKOÇAN;23;
1350;KEBAN;23;
1351;KOVANCILAR;23;
1352;MADEN;23;
1353;MERKEZ;23;
1354;PALU;23;
1355;SİVRİCE;23;
1356;KEMAH;24;
1357;KEMALİYE;24;
1358;MERKEZ;24;
1359;OTLUKBELİ;24;
1360;REFAHİYE;24;
1361;TERCAN;24;
1362;ÇAYIRLI;24;
1363;ÜZÜMLÜ;24;
1364;İLİÇ;24;
1365;AZİZİYE;25;
1366;AŞKALE;25;
1367;HINIS;25;
1368;HORASAN;25;
1369;KARAYAZI;25;
1370;KARAÇOBAN;25;
1371;KÖPRÜKÖY;25;
1372;NARMAN;25;
1373;OLTU;25;
1374;OLUR;25;
1375;PALANDÖKEN;25;
1376;PASİNLER;25;
1377;PAZARYOLU;25;
1378;TEKMAN;25;
1379;TORTUM;25;
1380;UZUNDERE;25;
1381;YAKUTİYE;25;
1382;ÇAT;25;
1383;İSPİR;25;
1384;ŞENKAYA;25;
1385;ALPU;26;
1386;BEYLİKOVA;26;
1387;GÜNYÜZÜ;26;
1388;HAN;26;
1389;MAHMUDİYE;26;
1390;MİHALGAZİ;26;
1391;MİHALIÇÇIK;26;
1392;ODUNPAZARI;26;
1393;SARICAKAYA;26;
1394;SEYİTGAZİ;26;
1395;SİVRİHİSAR;26;
1396;TEPEBAŞI;26;
1397;ÇİFTELER;26;
1398;İNÖNÜ;26;
1399;ARABAN;27;
1400;KARKAMIŞ;27;
1401;NURDAĞI;27;
1402;NİZİP;27;
1403;OĞUZELİ;27;
1404;YAVUZELİ;27;
1405;İSLAHİYE;27;
1406;ŞAHİNBEY;27;
1407;ŞEHİTKAMİL;27;
1408;ALUCRA;28;
1409;BULANCAK;28;
1410;DERELİ;28;
1411;DOĞANKENT;28;
1412;ESPİYE;28;
1413;EYNESİL;28;
1414;GÖRELE;28;
1415;GÜCE;28;
1416;KEŞAP;28;
1417;MERKEZ;28;
1418;PİRAZİZ;28;
1419;TİREBOLU;28;
1420;YAĞLIDERE;28;
1421;ÇAMOLUK;28;
1422;ÇANAKÇI;28;
1423;ŞEBİNKARAHİSAR;28;
1424;KELKİT;29;
1425;KÖSE;29;
1426;KÜRTÜN;29;
1427;MERKEZ;29;
1428;TORUL;29;
1429;ŞİRAN;29;
1430;DERECİK;30;
1431;MERKEZ;30;
1432;YÜKSEKOVA;30;
1433;ÇUKURCA;30;
1434;ŞEMDİNLİ;30;
1435;ALTINÖZÜ;31;
1436;ANTAKYA;31;
1437;ARSUZ;31;
1438;BELEN;31;
1439;DEFNE;31;
1440;DÖRTYOL;31;
1441;ERZİN;31;
1442;HASSA;31;
1443;KIRIKHAN;31;
1444;KUMLU;31;
1445;PAYAS;31;
1446;REYHANLI;31;
1447;SAMANDAĞ;31;
1448;YAYLADAĞI;31;
1449;İSKENDERUN;31;
1450;AKSU;32;
1451;ATABEY;32;
1452;EĞİRDİR;32;
1453;GELENDOST;32;
1454;GÖNEN;32;
1455;KEÇİBORLU;32;
1456;MERKEZ;32;
1457;SENİRKENT;32;
1458;SÜTÇÜLER;32;
1459;ULUBORLU;32;
1460;YALVAÇ;32;
1461;YENİŞARBADEMLİ;32;
1462;ŞARKİKARAAĞAÇ;32;
1463;AKDENİZ;33;
1464;ANAMUR;33;
1465;AYDINCIK;33;
1466;BOZYAZI;33;
1467;ERDEMLİ;33;
1468;GÜLNAR;33;
1469;MEZİTLİ;33;
1470;MUT;33;
1471;SİLİFKE;33;
1472;TARSUS;33;
1473;TOROSLAR;33;
1474;YENİŞEHİR;33;
1475;ÇAMLIYAYLA;33;
1476;ADALAR;34;
1477;ARNAVUTKÖY;34;
1478;ATAŞEHİR;34;
1479;AVCILAR;34;
1480;BAHÇELİEVLER;34;
1481;BAKIRKÖY;34;
1482;BAYRAMPAŞA;34;
1483;BAĞCILAR;34;
1484;BAŞAKŞEHİR;34;
1485;BEYKOZ;34;
1486;BEYLİKDÜZÜ;34;
1487;BEYOĞLU;34;
1488;BEŞİKTAŞ;34;
1489;BÜYÜKÇEKMECE;34;
1490;ESENLER;34;
1491;ESENYURT;34;
1492;EYÜPSULTAN;34;
1493;FATİH;34;
1494;GAZİOSMANPAŞA;34;
1495;GÜNGÖREN;34;
1496;KADIKÖY;34;
1497;KARTAL;34;
1498;KAĞITHANE;34;
1499;KÜÇÜKÇEKMECE;34;
1500;MALTEPE;34;
1501;PENDİK;34;
1502;SANCAKTEPE;34;
1503;SARIYER;34;
1504;SULTANBEYLİ;34;
1505;SULTANGAZİ;34;
1506;SİLİVRİ;34;
1507;TUZLA;34;
1508;ZEYTİNBURNU;34;
1509;ÇATALCA;34;
1510;ÇEKMEKÖY;34;
1511;ÜMRANİYE;34;
1512;ÜSKÜDAR;34;
1513;ŞİLE;34;
1514;ŞİŞLİ;34;
1515;ALİAĞA;35;
1516;BALÇOVA;35;
1517;BAYINDIR;35;
1518;BAYRAKLI;35;
1519;BERGAMA;35;
1520;BEYDAĞ;35;
1521;BORNOVA;35;
1522;BUCA;35;
1523;DİKİLİ;35;
1524;FOÇA;35;
1525;GAZİEMİR;35;
1526;GÜZELBAHÇE;35;
1527;KARABAĞLAR;35;
1528;KARABURUN;35;
1529;KARŞIYAKA;35;
1530;KEMALPAŞA;35;
1531;KINIK;35;
1532;KONAK;35;
1533;KİRAZ;35;
1534;MENDERES;35;
1535;MENEMEN;35;
1536;NARLIDERE;35;
1537;SEFERİHİSAR;35;
1538;SELÇUK;35;
1539;TORBALI;35;
1540;TİRE;35;
1541;URLA;35;
1542;ÇEŞME;35;
1543;ÇİĞLİ;35;
1544;ÖDEMİŞ;35;
1545;AKYAKA;36;
1546;ARPAÇAY;36;
1547;DİGOR;36;
1548;KAĞIZMAN;36;
1549;MERKEZ;36;
1550;SARIKAMIŞ;36;
1551;SELİM;36;
1552;SUSUZ;36;
1553;ABANA;37;
1554;ARAÇ;37;
1555;AZDAVAY;37;
1556;AĞLI;37;
1557;BOZKURT;37;
1558;CİDE;37;
1559;DADAY;37;
1560;DEVREKANİ;37;
1561;DOĞANYURT;37;
1562;HANÖNÜ;37;
1563;KÜRE;37;
1564;MERKEZ;37;
1565;PINARBAŞI;37;
1566;SEYDİLER;37;
1567;TAŞKÖPRÜ;37;
1568;TOSYA;37;
1569;ÇATALZEYTİN;37;
1570;İHSANGAZİ;37;
1571;İNEBOLU;37;
1572;ŞENPAZAR;37;
1573;AKKIŞLA;38;
1574;BÜNYAN;38;
1575;DEVELİ;38;
1576;FELAHİYE;38;
1577;HACILAR;38;
1578;KOCASİNAN;38;
1579;MELİKGAZİ;38;
1580;PINARBAŞI;38;
1581;SARIOĞLAN;38;
1582;SARIZ;38;
1583;TALAS;38;
1584;TOMARZA;38;
1585;YAHYALI;38;
1586;YEŞİLHİSAR;38;
1587;ÖZVATAN;38;
1588;İNCESU;38;
1589;BABAESKİ;39;
1590;DEMİRKÖY;39;
1591;KOFÇAZ;39;
1592;LÜLEBURGAZ;39;
1593;MERKEZ;39;
1594;PEHLİVANKÖY;39;
1595;PINARHİSAR;39;
1596;VİZE;39;
1597;AKPINAR;40;
1598;AKÇAKENT;40;
1599;BOZTEPE;40;
1600;KAMAN;40;
1601;MERKEZ;40;
1602;MUCUR;40;
1603;ÇİÇEKDAĞI;40;
1604;BAŞİSKELE;41;
1605;DARICA;41;
1606;DERİNCE;41;
1607;DİLOVASI;41;
1608;GEBZE;41;
1609;GÖLCÜK;41;
1610;KANDIRA;41;
1611;KARAMÜRSEL;41;
1612;KARTEPE;41;
1613;KÖRFEZ;41;
1614;ÇAYIROVA;41;
1615;İZMİT;41;
1616;AHIRLI;42;
1617;AKÖREN;42;
1618;AKŞEHİR;42;
1619;ALTINEKİN;42;
1620;BEYŞEHİR;42;
1621;BOZKIR;42;
1622;CİHANBEYLİ;42;
1623;DERBENT;42;
1624;DEREBUCAK;42;
1625;DOĞANHİSAR;42;
1626;EMİRGAZİ;42;
1627;EREĞLİ;42;
1628;GÜNEYSINIR;42;
1629;HADİM;42;
1630;HALKAPINAR;42;
1631;HÜYÜK;42;
1632;ILGIN;42;
1633;KADINHANI;42;
1634;KARAPINAR;42;
1635;KARATAY;42;
1636;KULU;42;
1637;MERAM;42;
1638;SARAYÖNÜ;42;
1639;SELÇUKLU;42;
1640;SEYDİŞEHİR;42;
1641;TAŞKENT;42;
1642;TUZLUKÇU;42;
1643;YALIHÜYÜK;42;
1644;YUNAK;42;
1645;ÇELTİK;42;
1646;ÇUMRA;42;
1647;ALTINTAŞ;43;
1648;ASLANAPA;43;
1649;DOMANİÇ;43;
1650;DUMLUPINAR;43;
1651;EMET;43;
1652;GEDİZ;43;
1653;HİSARCIK;43;
1654;MERKEZ;43;
1655;PAZARLAR;43;
1656;SİMAV;43;
1657;TAVŞANLI;43;
1658;ÇAVDARHİSAR;43;
1659;ŞAPHANE;43;
1660;AKÇADAĞ;44;
1661;ARAPGİR;44;
1662;ARGUVAN;44;
1663;BATTALGAZİ;44;
1664;DARENDE;44;
1665;DOĞANYOL;44;
1666;DOĞANŞEHİR;44;
1667;HEKİMHAN;44;
1668;KALE;44;
1669;KULUNCAK;44;
1670;PÜTÜRGE;44;
1671;YAZIHAN;44;
1672;YEŞİLYURT;44;
1673;AHMETLİ;45;
1674;AKHİSAR;45;
1675;ALAŞEHİR;45;
1676;DEMİRCİ;45;
1677;GÖLMARMARA;45;
1678;GÖRDES;45;
1679;KIRKAĞAÇ;45;
1680;KULA;45;
1681;KÖPRÜBAŞI;45;
1682;SALİHLİ;45;
1683;SARIGÖL;45;
1684;SARUHANLI;45;
1685;SELENDİ;45;
1686;SOMA;45;
1687;TURGUTLU;45;
1688;YUNUSEMRE;45;
1689;ŞEHZADELER;45;
1690;AFŞİN;46;
1691;ANDIRIN;46;
1692;DULKADİROĞLU;46;
1693;EKİNÖZÜ;46;
1694;ELBİSTAN;46;
1695;GÖKSUN;46;
1696;NURHAK;46;
1697;ONİKİŞUBAT;46;
1698;PAZARCIK;46;
1699;TÜRKOĞLU;46;
1700;ÇAĞLAYANCERİT;46;
1701;ARTUKLU;47;
1702;DARGEÇİT;47;
1703;DERİK;47;
1704;KIZILTEPE;47;
1705;MAZIDAĞI;47;
1706;MİDYAT;47;
1707;NUSAYBİN;47;
1708;SAVUR;47;
1709;YEŞİLLİ;47;
1710;ÖMERLİ;47;
1711;BODRUM;48;
1712;DALAMAN;48;
1713;DATÇA;48;
1714;FETHİYE;48;
1715;KAVAKLIDERE;48;
1716;KÖYCEĞİZ;48;
1717;MARMARİS;48;
1718;MENTEŞE;48;
1719;MİLAS;48;
1720;ORTACA;48;
1721;SEYDİKEMER;48;
1722;ULA;48;
1723;YATAĞAN;48;
1724;BULANIK;49;
1725;HASKÖY;49;
1726;KORKUT;49;
1727;MALAZGİRT;49;
1728;MERKEZ;49;
1729;VARTO;49;
1730;ACIGÖL;50;
1731;AVANOS;50;
1732;DERİNKUYU;50;
1733;GÜLŞEHİR;50;
1734;HACIBEKTAŞ;50;
1735;KOZAKLI;50;
1736;MERKEZ;50;
1737;ÜRGÜP;50;
1738;ALTUNHİSAR;51;
1739;BOR;51;
1740;MERKEZ;51;
1741;ULUKIŞLA;51;
1742;ÇAMARDI;51;
1743;ÇİFTLİK;51;
1744;AKKUŞ;52;
1745;ALTINORDU;52;
1746;AYBASTI;52;
1747;FATSA;52;
1748;GÖLKÖY;52;
1749;GÜLYALI;52;
1750;GÜRGENTEPE;52;
1751;KABADÜZ;52;
1752;KABATAŞ;52;
1753;KORGAN;52;
1754;KUMRU;52;
1755;MESUDİYE;52;
1756;PERŞEMBE;52;
1757;ULUBEY;52;
1758;ÇAMAŞ;52;
1759;ÇATALPINAR;52;
1760;ÇAYBAŞI;52;
1761;ÜNYE;52;
1762;İKİZCE;52;
1763;ARDEŞEN;53;
1764;DEREPAZARI;53;
1765;FINDIKLI;53;
1766;GÜNEYSU;53;
1767;HEMŞİN;53;
1768;KALKANDERE;53;
1769;MERKEZ;53;
1770;PAZAR;53;
1771;ÇAMLIHEMŞİN;53;
1772;ÇAYELİ;53;
1773;İKİZDERE;53;
1774;İYİDERE;53;
1775;ADAPAZARI;54;
1776;AKYAZI;54;
1777;ARİFİYE;54;
1778;ERENLER;54;
1779;FERİZLİ;54;
1780;GEYVE;54;
1781;HENDEK;54;
1782;KARAPÜRÇEK;54;
1783;KARASU;54;
1784;KAYNARCA;54;
1785;KOCAALİ;54;
1786;PAMUKOVA;54;
1787;SAPANCA;54;
1788;SERDİVAN;54;
1789;SÖĞÜTLÜ;54;
1790;TARAKLI;54;
1791;19 MAYIS;55;
1792;ALAÇAM;55;
1793;ASARCIK;55;
1794;ATAKUM;55;
1795;AYVACIK;55;
1796;BAFRA;55;
1797;CANİK;55;
1798;HAVZA;55;
1799;KAVAK;55;
1800;LADİK;55;
1801;SALIPAZARI;55;
1802;TEKKEKÖY;55;
1803;TERME;55;
1804;VEZİRKÖPRÜ;55;
1805;YAKAKENT;55;
1806;ÇARŞAMBA;55;
1807;İLKADIM;55;
1808;BAYKAN;56;
1809;ERUH;56;
1810;KURTALAN;56;
1811;MERKEZ;56;
1812;PERVARİ;56;
1813;TİLLO;56;
1814;ŞİRVAN;56;
1815;AYANCIK;57;
1816;BOYABAT;57;
1817;DURAĞAN;57;
1818;DİKMEN;57;
1819;ERFELEK;57;
1820;GERZE;57;
1821;MERKEZ;57;
1822;SARAYDÜZÜ;57;
1823;TÜRKELİ;57;
1824;AKINCILAR;58;
1825;ALTINYAYLA;58;
1826;DOĞANŞAR;58;
1827;DİVRİĞİ;58;
1828;GEMEREK;58;
1829;GÖLOVA;58;
1830;GÜRÜN;58;
1831;HAFİK;58;
1832;KANGAL;58;
1833;KOYULHİSAR;58;
1834;MERKEZ;58;
1835;SUŞEHRİ;58;
1836;ULAŞ;58;
1837;YILDIZELİ;58;
1838;ZARA;58;
1839;İMRANLI;58;
1840;ŞARKIŞLA;58;
1841;ERGENE;59;
1842;HAYRABOLU;59;
1843;KAPAKLI;59;
1844;MALKARA;59;
1845;MARMARAEREĞLİSİ;59;
1846;MURATLI;59;
1847;SARAY;59;
1848;SÜLEYMANPAŞA;59;
1849;ÇERKEZKÖY;59;
1850;ÇORLU;59;
1851;ŞARKÖY;59;
1852;ALMUS;60;
1853;ARTOVA;60;
1854;BAŞÇİFTLİK;60;
1855;ERBAA;60;
1856;MERKEZ;60;
1857;NİKSAR;60;
1858;PAZAR;60;
1859;REŞADİYE;60;
1860;SULUSARAY;60;
1861;TURHAL;60;
1862;YEŞİLYURT;60;
1863;ZİLE;60;
1864;AKÇAABAT;61;
1865;ARAKLI;61;
1866;ARSİN;61;
1867;BEŞİKDÜZÜ;61;
1868;DERNEKPAZARI;61;
1869;DÜZKÖY;61;
1870;HAYRAT;61;
1871;KÖPRÜBAŞI;61;
1872;MAÇKA;61;
1873;OF;61;
1874;ORTAHİSAR;61;
1875;SÜRMENE;61;
1876;TONYA;61;
1877;VAKFIKEBİR;61;
1878;YOMRA;61;
1879;ÇARŞIBAŞI;61;
1880;ÇAYKARA;61;
1881;ŞALPAZARI;61;
1882;HOZAT;62;
1883;MAZGİRT;62;
1884;MERKEZ;62;
1885;NAZIMİYE;62;
1886;OVACIK;62;
1887;PERTEK;62;
1888;PÜLÜMÜR;62;
1889;ÇEMİŞGEZEK;62;
1890;AKÇAKALE;63;
1891;BOZOVA;63;
1892;BİRECİK;63;
1893;CEYLANPINAR;63;
1894;EYYÜBİYE;63;
1895;HALFETİ;63;
1896;HALİLİYE;63;
1897;HARRAN;63;
1898;HİLVAN;63;
1899;KARAKÖPRÜ;63;
1900;SURUÇ;63;
1901;SİVEREK;63;
1902;VİRANŞEHİR;63;
1903;BANAZ;64;
1904;EŞME;64;
1905;KARAHALLI;64;
1906;MERKEZ;64;
1907;SİVASLI;64;
1908;ULUBEY;64;
1909;BAHÇESARAY;65;
1910;BAŞKALE;65;
1911;EDREMİT;65;
1912;ERCİŞ;65;
1913;GEVAŞ;65;
1914;GÜRPINAR;65;
1915;MURADİYE;65;
1916;SARAY;65;
1917;TUŞBA;65;
1918;ÇALDIRAN;65;
1919;ÇATAK;65;
1920;ÖZALP;65;
1921;İPEKYOLU;65;
1922;AKDAĞMADENİ;66;
1923;AYDINCIK;66;
1924;BOĞAZLIYAN;66;
1925;KADIŞEHRİ;66;
1926;MERKEZ;66;
1927;SARAYKENT;66;
1928;SARIKAYA;66;
1929;SORGUN;66;
1930;YENİFAKILI;66;
1931;YERKÖY;66;
1932;ÇANDIR;66;
1933;ÇAYIRALAN;66;
1934;ÇEKEREK;66;
1935;ŞEFAATLİ;66;
1936;ALAPLI;67;
1937;DEVREK;67;
1938;EREĞLİ;67;
1939;GÖKÇEBEY;67;
1940;KOZLU;67;
1941;KİLİMLİ;67;
1942;MERKEZ;67;
1943;ÇAYCUMA;67;
1944;AĞAÇÖREN;68;
1945;ESKİL;68;
1946;GÜLAĞAÇ;68;
1947;GÜZELYURT;68;
1948;MERKEZ;68;
1949;ORTAKÖY;68;
1950;SARIYAHŞİ;68;
1951;SULTANHANI;68;
1952;AYDINTEPE;69;
1953;DEMİRÖZÜ;69;
1954;MERKEZ;69;
1955;AYRANCI;70;
1956;BAŞYAYLA;70;
1957;ERMENEK;70;
1958;KAZIMKARABEKİR;70;
1959;MERKEZ;70;
1960;SARIVELİLER;70;
1961;BAHŞILI;71;
1962;BALIŞEYH;71;
1963;DELİCE;71;
1964;KARAKEÇİLİ;71;
1965;KESKİN;71;
1966;MERKEZ;71;
1967;SULAKYURT;71;
1968;YAHŞİHAN;71;
1969;ÇELEBİ;71;
1970;BEŞİRİ;72;
1971;GERCÜŞ;72;
1972;HASANKEYF;72;
1973;KOZLUK;72;
1974;MERKEZ;72;
1975;SASON;72;
1976;BEYTÜŞŞEBAP;73;
1977;CİZRE;73;
1978;GÜÇLÜKONAK;73;
1979;MERKEZ;73;
1980;SİLOPİ;73;
1981;ULUDERE;73;
1982;İDİL;73;
1983;AMASRA;74;
1984;KURUCAŞİLE;74;
1985;MERKEZ;74;
1986;ULUS;74;
1987;DAMAL;75;
1988;GÖLE;75;
1989;HANAK;75;
1990;MERKEZ;75;
1991;POSOF;75;
1992;ÇILDIR;75;
1993;ARALIK;76;
1994;KARAKOYUNLU;76;
1995;MERKEZ;76;
1996;TUZLUCA;76;
1997;ALTINOVA;77;
1998;ARMUTLU;77;
1999;MERKEZ;77;
2000;TERMAL;77;
2001;ÇINARCIK;77;
2002;ÇİFTLİKKÖY;77;
2003;EFLANİ;78;
2004;ESKİPAZAR;78;
2005;MERKEZ;78;
2006;OVACIK;78;
2007;SAFRANBOLU;78;
2008;YENİCE;78;
2009;ELBEYLİ;79;
2010;MERKEZ;79;
2011;MUSABEYLİ;79;
2012;POLATELİ;79;
2013;BAHÇE;80;
2014;DÜZİÇİ;80;
2015;HASANBEYLİ;80;
2016;KADİRLİ;80;
2017;MERKEZ;80;
2018;SUMBAS;80;
2019;TOPRAKKALE;80;
2020;AKÇAKOCA;81;
2021;CUMAYERİ;81;
2022;GÖLYAKA;81;
2023;GÜMÜŞOVA;81;
2024;KAYNAŞLI;81;
2025;MERKEZ;81;
2026;YIĞILCA;81;
2027;ÇİLİMLİ;81;